northEastCrew,,,,,northWestCrew,,,,,southernCrew,,,,,centralCrew,,,,,iberianCrew,,,,,easternCrew,,,,
Name (iG),Sex,age (iG),character,LifePath,name (iG),sex,age (iG),Character,LifePath,name (iG),sex,age (iG),character,LifePath,name (iG),Sex,age (iG),character,LifePath,Name (iG),sex,age (iG),Character,LifePath,name (iG),sex,age (iG),Character,LifePath
Vi,F,24,Media,path,Robena,F,19,Tech,Robena,Heidy,F,26,tech,Heidy,Cole,M,29,netrunner,Cole,Alec,M,23,media,Alec,Arlean,F,21,Media,Arlean
Elsy,F,25,Netrunner,path,Dorian,M,25,Media,Dorian,Jennell,F,28,media,Jennell,Domenic,M,21,media,Domenic,Diego,M,25,tech,Diego,Dalton,M,27,Netrunner,Dalton
Dante,M,25,Tech,path,Merissa,F,32,Netrunner,Merissa,Amira,F,31,corporate,Amira,Cayla,F,25,tech,Cayla,Jinny,F,33,tech,Jinny,Tonita,F,19,Netrunner,Tonita
Willow,F,30,Tech,path,Stanton,M,32,Tech,Stanton,Raphael,M,25,netunner,Raphael,Nikolai,M,28,tech,Nikolai,Jessia,F,26,netrunner,Jessia,Victorina,F,28,Tech,Voctorina
Ardelia,F,24,Corporate,path,Ardelia,F,21,Media,Ardelia,Avery,M,27,netrunner,Avery,,,,,,Rory,M,28,netrunner,Rory,Alden,M,22,Media,Alden
Darrell,M,31,Netrunner,path,,,,,,Arron,M,23,Media,Arron,,,,,,Monty,M,26,Media,Monty,Anton,M,25,Tech,Anton
,,,,,,,,,,,,,,,,,,,,Edison,M,31,tech,Edison,,,,,